,Age,Value of Investments ($),Number of Transactions,Household Income ($)
count,340.0,340.0,340.0,340.0
mean,29.991176470588236,25812.647058823528,5.394117647058824,69070.88235294117
std,3.790600675234834,11566.684385020439,2.305046557476885,24620.640412515706
min,21.0,0.0,0.0,16200.0
25%,28.0,17775.0,4.0,51475.0
50%,30.0,23900.0,5.0,65200.0
75%,33.0,32175.0,7.0,83700.0
max,38.0,58000.0,11.0,140300.0
